Domain,Email,DA,PA,Spam Score
https://beautyhealthytips.com,Beautyguestposts@Gmail.com,N/A,N/A,N/A
https://thefitscene.com,info@thefitscene.com,N/A,N/A,N/A
https://youmustgethealthy.com,collincaspian@gmail.com,N/A,N/A,N/A
https://healthflock.com,contact@healthflock.com,N/A,N/A,N/A
https://healthtostyle.com,healthtostyle@gmail.com,N/A,N/A,N/A
https://dailycontributors.com,editor@dailycontributors.com,N/A,N/A,N/A
https://healthcareguys.com,abder-rahman.ali@hitsphere.com,N/A,N/A,N/A
https://healthcarenfashion.com,contacthealthcarenfashion@gmail.com,N/A,N/A,N/A
https://rationalinsurgent.com,jacksonhnry59@gmail.com,N/A,N/A,N/A
https://grassdesk.com,deskgrass@gmail.com,N/A,N/A,N/A
https://inkbeau.com,info@inkbeau.com,N/A,N/A,N/A
https://thewellnesscorner.com,content@truworthwellness.com,N/A,N/A,N/A
https://indinewz.com,//www.indinewz.com/wp-admin/writer@indinewz.com,N/A,N/A,N/A
https://thefemedic.com,monica@thefemedic.com,N/A,N/A,N/A
https://nursingability.com,editor@nursingability.com,N/A,N/A,N/A
https://peacequarters.com,guestpost@peacequarters.com,N/A,N/A,N/A
https://webtoolsoffers.com,Info@webtoolsoffers.com,N/A,N/A,N/A
https://insider.com,shoshiparks@gmail.com,N/A,N/A,N/A
https://healthgardeners.com,submissions@healthgardeners.com,N/A,N/A,N/A
https://allindiaevent.com,allindiaevent07@gmail.com,N/A,N/A,N/A
https://shoutinaustralia.com,aussieadvertisment@gmail.com,N/A,N/A,N/A
https://dailycontributors.com,editor@dailycontributors.com,N/A,N/A,N/A
